id,patient_code,age,gender,allergies,conditions,renal_constraint,hepatic_constraint,pregnancy_constraint,other_constraints
1,PAT1001,21,F,None,Asthma,False,False,False,None
2,PAT1002,22,M,Ampicillin,Asthma,False,False,False,None
3,PAT1003,23,F,None,Hypertension,False,False,False,None
4,PAT1004,24,M,None,Asthma,True,False,False,None
5,PAT1005,25,F,None,Asthma,False,False,False,None
6,PAT1006,26,M,None,Hypertension,False,False,False,None
7,PAT1007,27,F,None,Asthma,False,False,False,None
8,PAT1008,28,M,None,Asthma,False,True,False,None
9,PAT1009,29,F,None,Hypertension,False,False,False,None
10,PAT1010,30,M,Ampicillin,Asthma,False,False,False,None
11,PAT1011,31,F,None,Asthma,False,False,False,None
12,PAT1012,32,M,None,Hypertension,False,False,False,None
13,PAT1013,33,F,None,Asthma,True,False,False,None
14,PAT1014,34,M,None,Asthma,False,False,False,None
15,PAT1015,35,F,None,Hypertension,False,False,False,None
16,PAT1016,36,M,None,Asthma,False,False,False,None
17,PAT1017,37,F,None,Asthma,False,False,False,None
18,PAT1018,38,M,None,Hypertension,False,False,False,None
19,PAT1019,39,F,None,Asthma,False,False,False,None
20,PAT1020,40,M,None,Asthma,False,False,False,None
21,PAT1021,41,F,None,Hypertension,False,False,False,None
22,PAT1022,42,M,None,Asthma,False,False,False,None
23,PAT1023,43,F,None,Asthma,False,False,False,None
24,PAT1024,44,M,None,Hypertension,False,False,False,None
25,PAT1025,45,F,None,Asthma,False,False,False,None
26,PAT1026,46,M,None,Asthma,False,False,False,None
27,PAT1027,47,F,None,Hypertension,False,False,False,None
28,PAT1028,48,M,None,Asthma,False,False,False,None
29,PAT1029,49,F,None,Asthma,False,False,False,None
30,PAT1030,50,M,None,Hypertension,False,False,False,None
