id,prescription_code,patient_id,medicine_id,medicine_name,dose,route,frequency,urgency,prescriber_name,created_at
1,RX-10001,2,2,Synthetic Medicine 2,500mg,Oral,BD,ROUTINE,Dr. Prescriber 1,2026-09-09T10:00:00Z
2,RX-10002,3,3,Synthetic Medicine 3,500mg,Oral,BD,ROUTINE,Dr. Prescriber 2,2026-09-09T10:00:00Z
3,RX-10003,4,4,Synthetic Medicine 4,500mg,Oral,BD,EMERGENCY,Dr. Prescriber 3,2026-09-09T10:00:00Z
4,RX-10004,5,5,Synthetic Medicine 5,500mg,Oral,BD,ROUTINE,Dr. Prescriber 4,2026-09-09T10:00:00Z
5,RX-10005,6,6,Synthetic Medicine 6,500mg,Oral,BD,ROUTINE,Dr. Prescriber 5,2026-09-09T10:00:00Z
6,RX-10006,7,7,Synthetic Medicine 7,500mg,Oral,BD,EMERGENCY,Dr. Prescriber 6,2026-09-09T10:00:00Z
7,RX-10007,8,8,Synthetic Medicine 8,500mg,Oral,BD,ROUTINE,Dr. Prescriber 7,2026-09-09T10:00:00Z
8,RX-10008,9,9,Synthetic Medicine 9,500mg,Oral,BD,ROUTINE,Dr. Prescriber 8,2026-09-09T10:00:00Z
9,RX-10009,10,10,Synthetic Medicine 10,500mg,Oral,BD,EMERGENCY,Dr. Prescriber 9,2026-09-09T10:00:00Z
10,RX-10010,11,11,Synthetic Medicine 11,500mg,Oral,BD,ROUTINE,Dr. Prescriber 10,2026-09-09T10:00:00Z
11,RX-10011,12,12,Synthetic Medicine 12,500mg,Oral,BD,ROUTINE,Dr. Prescriber 11,2026-09-09T10:00:00Z
12,RX-10012,13,13,Synthetic Medicine 13,500mg,Oral,BD,EMERGENCY,Dr. Prescriber 12,2026-09-09T10:00:00Z
13,RX-10013,14,14,Synthetic Medicine 14,500mg,Oral,BD,ROUTINE,Dr. Prescriber 13,2026-09-09T10:00:00Z
14,RX-10014,15,15,Synthetic Medicine 15,500mg,Oral,BD,ROUTINE,Dr. Prescriber 14,2026-09-09T10:00:00Z
15,RX-10015,16,16,Synthetic Medicine 16,500mg,Oral,BD,URGENT,Dr. Prescriber 15,2026-09-09T10:00:00Z
16,RX-10016,17,17,Synthetic Medicine 17,500mg,Oral,BD,ROUTINE,Dr. Prescriber 16,2026-09-09T10:00:00Z
17,RX-10017,18,18,Synthetic Medicine 18,500mg,Oral,BD,ROUTINE,Dr. Prescriber 17,2026-09-09T10:00:00Z
18,RX-10018,19,19,Synthetic Medicine 19,500mg,Oral,BD,EMERGENCY,Dr. Prescriber 18,2026-09-09T10:00:00Z
19,RX-10019,20,20,Synthetic Medicine 20,500mg,Oral,BD,ROUTINE,Dr. Prescriber 19,2026-09-09T10:00:00Z
20,RX-10020,21,1,Synthetic Medicine 1,500mg,Oral,BD,ROUTINE,Dr. Prescriber 20,2026-09-09T10:00:00Z
21,RX-10021,22,2,Synthetic Medicine 2,500mg,Oral,BD,EMERGENCY,Dr. Prescriber 21,2026-09-09T10:00:00Z
22,RX-10022,23,3,Synthetic Medicine 3,500mg,Oral,BD,ROUTINE,Dr. Prescriber 22,2026-09-09T10:00:00Z
23,RX-10023,24,4,Synthetic Medicine 4,500mg,Oral,BD,ROUTINE,Dr. Prescriber 23,2026-09-09T10:00:00Z
24,RX-10024,25,5,Synthetic Medicine 5,500mg,Oral,BD,EMERGENCY,Dr. Prescriber 24,2026-09-09T10:00:00Z
25,RX-10025,26,6,Synthetic Medicine 6,500mg,Oral,BD,ROUTINE,Dr. Prescriber 25,2026-09-09T10:00:00Z
26,RX-10026,27,7,Synthetic Medicine 7,500mg,Oral,BD,ROUTINE,Dr. Prescriber 26,2026-09-09T10:00:00Z
27,RX-10027,28,8,Synthetic Medicine 8,500mg,Oral,BD,EMERGENCY,Dr. Prescriber 27,2026-09-09T10:00:00Z
28,RX-10028,29,9,Synthetic Medicine 9,500mg,Oral,BD,ROUTINE,Dr. Prescriber 28,2026-09-09T10:00:00Z
29,RX-10029,30,10,Synthetic Medicine 10,500mg,Oral,BD,ROUTINE,Dr. Prescriber 29,2026-09-09T10:00:00Z
30,RX-10030,1,11,Synthetic Medicine 11,500mg,Oral,BD,URGENT,Dr. Prescriber 30,2026-09-09T10:00:00Z
31,RX-10031,2,12,Synthetic Medicine 12,500mg,Oral,BD,ROUTINE,Dr. Prescriber 31,2026-09-09T10:00:00Z
32,RX-10032,3,13,Synthetic Medicine 13,500mg,Oral,BD,ROUTINE,Dr. Prescriber 32,2026-09-09T10:00:00Z
33,RX-10033,4,14,Synthetic Medicine 14,500mg,Oral,BD,EMERGENCY,Dr. Prescriber 33,2026-09-09T10:00:00Z
34,RX-10034,5,15,Synthetic Medicine 15,500mg,Oral,BD,ROUTINE,Dr. Prescriber 34,2026-09-09T10:00:00Z
35,RX-10035,6,16,Synthetic Medicine 16,500mg,Oral,BD,ROUTINE,Dr. Prescriber 35,2026-09-09T10:00:00Z
36,RX-10036,7,17,Synthetic Medicine 17,500mg,Oral,BD,EMERGENCY,Dr. Prescriber 36,2026-09-09T10:00:00Z
37,RX-10037,8,18,Synthetic Medicine 18,500mg,Oral,BD,ROUTINE,Dr. Prescriber 37,2026-09-09T10:00:00Z
38,RX-10038,9,19,Synthetic Medicine 19,500mg,Oral,BD,ROUTINE,Dr. Prescriber 38,2026-09-09T10:00:00Z
39,RX-10039,10,20,Synthetic Medicine 20,500mg,Oral,BD,EMERGENCY,Dr. Prescriber 39,2026-09-09T10:00:00Z
40,RX-10040,11,1,Synthetic Medicine 1,500mg,Oral,BD,ROUTINE,Dr. Prescriber 40,2026-09-09T10:00:00Z
41,RX-10041,12,2,Synthetic Medicine 2,500mg,Oral,BD,ROUTINE,Dr. Prescriber 41,2026-09-09T10:00:00Z
42,RX-10042,13,3,Synthetic Medicine 3,500mg,Oral,BD,EMERGENCY,Dr. Prescriber 42,2026-09-09T10:00:00Z
43,RX-10043,14,4,Synthetic Medicine 4,500mg,Oral,BD,ROUTINE,Dr. Prescriber 43,2026-09-09T10:00:00Z
44,RX-10044,15,5,Synthetic Medicine 5,500mg,Oral,BD,ROUTINE,Dr. Prescriber 44,2026-09-09T10:00:00Z
45,RX-10045,16,6,Synthetic Medicine 6,500mg,Oral,BD,URGENT,Dr. Prescriber 45,2026-09-09T10:00:00Z
46,RX-10046,17,7,Synthetic Medicine 7,500mg,Oral,BD,ROUTINE,Dr. Prescriber 46,2026-09-09T10:00:00Z
47,RX-10047,18,8,Synthetic Medicine 8,500mg,Oral,BD,ROUTINE,Dr. Prescriber 47,2026-09-09T10:00:00Z
48,RX-10048,19,9,Synthetic Medicine 9,500mg,Oral,BD,EMERGENCY,Dr. Prescriber 48,2026-09-09T10:00:00Z
49,RX-10049,20,10,Synthetic Medicine 10,500mg,Oral,BD,ROUTINE,Dr. Prescriber 49,2026-09-09T10:00:00Z
50,RX-10050,21,11,Synthetic Medicine 11,500mg,Oral,BD,ROUTINE,Dr. Prescriber 50,2026-09-09T10:00:00Z
