id,medicine_id,quantity,location,last_updated
1,1,105,Main Pharmacy Shelf A,2026-09-09T10:00:00Z
2,2,0,Main Pharmacy Shelf A,2026-09-09T10:00:00Z
3,3,115,Main Pharmacy Shelf A,2026-09-09T10:00:00Z
4,4,120,Main Pharmacy Shelf A,2026-09-09T10:00:00Z
5,5,125,Main Pharmacy Shelf A,2026-09-09T10:00:00Z
6,6,130,Main Pharmacy Shelf A,2026-09-09T10:00:00Z
7,7,135,Main Pharmacy Shelf A,2026-09-09T10:00:00Z
8,8,140,Main Pharmacy Shelf A,2026-09-09T10:00:00Z
9,9,145,Main Pharmacy Shelf A,2026-09-09T10:00:00Z
10,10,150,Main Pharmacy Shelf A,2026-09-09T10:00:00Z
11,11,0,Main Pharmacy Shelf A,2026-09-09T10:00:00Z
12,12,160,Main Pharmacy Shelf A,2026-09-09T10:00:00Z
13,13,165,Main Pharmacy Shelf A,2026-09-09T10:00:00Z
14,14,170,Main Pharmacy Shelf A,2026-09-09T10:00:00Z
15,15,175,Main Pharmacy Shelf A,2026-09-09T10:00:00Z
16,16,180,Main Pharmacy Shelf A,2026-09-09T10:00:00Z
17,17,185,Main Pharmacy Shelf A,2026-09-09T10:00:00Z
18,18,190,Main Pharmacy Shelf A,2026-09-09T10:00:00Z
19,19,195,Main Pharmacy Shelf A,2026-09-09T10:00:00Z
20,20,200,Main Pharmacy Shelf A,2026-09-09T10:00:00Z
